model,accuracy,auc,precision,recall,f1,mcc
logistic_regression,1.0,1.0,1.0,1.0,1.0,1.0
decision_tree,1.0,1.0,1.0,1.0,1.0,1.0
knn,0.9239130434782609,0.9859516977522716,0.9074074074074074,0.9607843137254902,0.9333333333333333,0.8467669413987932
naive_bayes,0.9836956521739131,1.0,0.9714285714285714,1.0,0.9855072463768116,0.9674133045095877
random_forest,1.0,1.0,1.0,1.0,1.0,1.0
xgboost,1.0,1.0,1.0,1.0,1.0,1.0
