model,accuracy,auc,precision,recall,f1,mcc
logistic_regression,0.7880434782608695,0.8501912960306074,0.7889908256880734,0.8431372549019608,0.8151658767772512,0.5691163075115128
decision_tree,0.8097826086956522,0.8069105691056911,0.8252427184466019,0.8333333333333334,0.8292682926829268,0.6145931712121374
knn,0.7934782608695652,0.8495337159253945,0.8076923076923077,0.8235294117647058,0.8155339805825242,0.5811576191935892
naive_bayes,0.7771739130434783,0.8242467718794835,0.7961165048543689,0.803921568627451,0.8,0.5485130328192469
random_forest,0.842391304347826,0.9228240076518412,0.8288288288288288,0.9019607843137255,0.863849765258216,0.6809624459644162
xgboost,0.8369565217391305,0.9088952654232426,0.8333333333333334,0.8823529411764706,0.8571428571428571,0.6691100232489893
